transaction_id,amount,user_id,timestamp,merchant_id,is_fraud
T0001,4085.35,U038,193,M005,False
T0002,1799.34,U042,301,M006,False
T0003,4482.67,U010,909,M002,False
T0004,1753.06,U007,1343,M002,False
T0005,4751.32,U021,2593,M003,False
T0006,3943.43,U039,2973,M009,False
T0007,3639.56,U015,3642,M001,False
T0008,4523.18,U037,3883,M017,False
T0009,768.8,U024,4000,M014,False
T0010,4508.4,U035,4539,M004,False
T0011,2961.42,U025,4666,M007,False
T0012,4793.34,U011,5066,M011,False
T0013,4731.32,U037,5324,M014,False
T0014,1946.13,U041,5547,M003,True
T0015,1220.68,U042,5814,M004,False
T0016,3142.16,U018,6087,M011,False
T0017,2750.42,U050,6429,M004,False
T0018,676.29,U020,6887,M010,False
T0019,2209.93,U039,6892,M008,False
T0020,28.34,U048,7459,M019,False
T0021,2613.18,U034,7543,M013,False
T0022,1986.37,U007,7704,M017,False
T0023,929.77,U039,7790,M019,False
T0024,4922.24,U004,8060,M007,False
T0025,1447.95,U008,8105,M016,False
T0026,626.07,U029,8602,M008,False
T0027,1434.52,U035,8721,M016,False
T0028,342.99,U037,8886,M020,False
T0029,1567.04,U001,8887,M003,False
T0030,4983.16,U049,9231,M004,False
T0031,101.24,U050,9330,M016,False
T0032,3509.64,U014,9756,M010,False
T0033,1732.77,U045,10060,M011,False
T0034,332.17,U043,10771,M004,False
T0035,4349.06,U015,11989,M013,False
T0036,1257.82,U036,12038,M004,False
T0037,1578.94,U001,12394,M007,False
T0038,1430.35,U028,13390,M017,False
T0039,4829.2,U004,13595,M009,False
T0040,84.43,U005,14463,M009,False
T0041,1829.51,U026,14594,M009,False
T0042,4098.11,U049,14663,M017,False
T0043,4736.27,U008,14800,M017,False
T0044,2630.23,U030,16093,M005,True
T0045,672.25,U005,16470,M005,False
T0046,4905.22,U017,17031,M012,False
T0047,3631.84,U019,17094,M017,False
T0048,1927.92,U007,17367,M007,False
T0049,1967.61,U011,19264,M012,False
T0050,3115.59,U010,19281,M013,False
T0051,27.25,U006,19927,M009,False
T0052,825.25,U026,20053,M008,False
T0053,1947.99,U050,20480,M019,False
T0054,4748.11,U013,21369,M020,False
T0055,4507.15,U018,21393,M016,True
T0056,1124.26,U022,22056,M019,False
T0057,3578.64,U020,22097,M020,False
T0058,3208.88,U039,22394,M002,False
T0059,1458.29,U005,23107,M008,False
T0060,807.07,U027,23536,M008,False
T0061,1260.23,U003,24851,M020,False
T0062,3734.71,U010,24906,M015,False
T0063,953.26,U023,25382,M010,False
T0064,4289.75,U048,25599,M015,False
T0065,2701.65,U019,25905,M017,False
T0066,3374.51,U031,26240,M020,False
T0067,700.57,U013,26596,M019,False
T0068,3404.1,U047,26691,M016,False
T0069,4823.64,U007,26925,M010,False
T0070,1248.81,U008,27172,M006,False
T0071,3384.87,U022,27223,M010,False
T0072,2562.69,U007,27537,M003,False
T0073,2918.93,U047,27941,M020,False
T0074,4184.83,U023,28206,M011,False
T0075,3408.88,U036,28223,M015,False
T0076,568.68,U013,29049,M008,False
T0077,657.25,U011,29959,M002,False
T0078,3341.27,U022,30094,M016,False
T0079,861.86,U020,30156,M004,False
T0080,2043.21,U010,30170,M010,False
T0081,832.66,U020,30353,M002,False
T0082,1365.4,U032,30434,M013,False
T0083,3129.34,U025,30897,M018,False
T0084,1588.67,U010,30915,M011,False
T0085,3177.41,U008,32047,M008,False
T0086,1976.17,U043,32316,M016,True
T0087,4926.4,U031,32498,M014,False
T0088,549.38,U019,32699,M008,False
T0089,4460.63,U033,32709,M019,False
T0090,2733.55,U049,33133,M014,False
T0091,3420.52,U006,33223,M003,False
T0092,435.61,U028,33326,M001,False
T0093,2427.37,U007,33362,M019,False
T0094,1914.89,U037,33958,M020,True
T0095,904.87,U034,34697,M011,False
T0096,337.39,U039,35207,M015,False
T0097,2230.61,U010,36332,M020,False
T0098,1026.57,U046,36374,M011,False
T0099,1974.63,U046,36415,M017,False
T0100,514.11,U027,37572,M018,False
T0101,2090.01,U012,38105,M013,False
T0102,1165.7,U005,38669,M005,False
T0103,4832.9,U002,38842,M011,False
T0104,1161.87,U048,39110,M006,False
T0105,99.54,U021,39193,M015,False
T0106,4175.76,U034,39581,M011,False
T0107,2903.37,U017,40115,M004,False
T0108,2681.26,U042,40382,M017,False
T0109,2593.99,U026,41158,M018,False
T0110,251.35,U012,41360,M010,False
T0111,3622.27,U017,41406,M016,False
T0112,1886.46,U039,41468,M003,False
T0113,4631.82,U002,41683,M008,False
T0114,2189.36,U039,41797,M014,False
T0115,4593.12,U016,41814,M011,False
T0116,3906.38,U042,42213,M001,False
T0117,3523.95,U036,42581,M003,False
T0118,4808.85,U044,43010,M004,False
T0119,2314.1,U036,43015,M015,False
T0120,4840.32,U036,43122,M019,False
T0121,271.59,U034,43182,M011,False
T0122,3945.93,U001,44033,M019,False
T0123,34.11,U035,44316,M016,False
T0124,547.47,U030,44476,M008,False
T0125,281.22,U047,44894,M013,False
T0126,2488.08,U011,45209,M002,False
T0127,1952.88,U031,45649,M013,False
T0128,2616.48,U005,45903,M005,False
T0129,185.88,U013,45934,M007,False
T0130,1302.77,U021,46307,M005,False
T0131,308.06,U038,47310,M005,False
T0132,4994.94,U027,47702,M011,False
T0133,2355.19,U023,47722,M001,False
T0134,687.51,U014,47800,M019,False
T0135,962.25,U005,48050,M008,False
T0136,3692.96,U007,48118,M001,False
T0137,1116.7,U034,48159,M013,True
T0138,2348.9,U030,48693,M002,False
T0139,2468.09,U049,49405,M004,False
T0140,2811.13,U037,50026,M013,False
T0141,1785.51,U050,50126,M011,False
T0142,4195.5,U005,50871,M001,False
T0143,2989.33,U046,51040,M008,False
T0144,3181.6,U023,51081,M010,False
T0145,41.48,U044,51426,M020,False
T0146,1937.6,U049,51690,M007,False
T0147,1603.9,U010,52042,M018,False
T0148,651.24,U031,52906,M004,False
T0149,3489.15,U010,52973,M013,False
T0150,769.36,U021,53325,M020,False
T0151,1830.32,U026,53642,M019,True
T0152,4344.22,U012,53802,M014,False
T0153,2678.64,U013,54040,M009,False
T0154,3070.51,U044,54581,M006,False
T0155,2266.86,U002,54629,M006,False
T0156,692.85,U017,54714,M016,False
T0157,2044.44,U022,54909,M011,False
T0158,3777.66,U008,55074,M006,False
T0159,597.89,U044,55230,M006,False
T0160,3990.69,U020,55337,M011,False
T0161,4652.43,U027,55843,M013,False
T0162,2004.14,U005,56213,M005,False
T0163,4256.22,U031,56284,M019,False
T0164,2504.46,U023,56304,M004,False
T0165,2649.66,U027,56688,M005,False
T0166,2118.47,U030,56802,M004,False
T0167,2889.21,U023,56964,M009,False
T0168,4195.33,U036,57216,M001,False
T0169,267.06,U010,57217,M008,False
T0170,175.01,U048,57328,M008,False
T0171,4404.36,U048,57474,M017,False
T0172,1787.61,U021,57706,M020,False
T0173,245.55,U010,57738,M012,False
T0174,4494.55,U029,58338,M015,False
T0175,4081.61,U048,58624,M008,False
T0176,1098.86,U021,58655,M008,False
T0177,2312.89,U027,58743,M017,False
T0178,4217.89,U010,58760,M009,False
T0179,3157.29,U018,58900,M012,False
T0180,2699.26,U049,59185,M005,False
T0181,869.51,U013,60426,M008,False
T0182,4226.56,U011,61352,M005,False
T0183,566.17,U045,61495,M006,False
T0184,355.89,U041,61733,M008,False
T0185,4813.9,U027,62165,M009,False
T0186,4593.99,U021,62448,M001,False
T0187,4133.33,U005,62535,M006,False
T0188,2268.27,U045,62823,M006,False
T0189,495.78,U011,62952,M007,False
T0190,2340.83,U041,63648,M012,False
T0191,2896.32,U035,63918,M011,False
T0192,2068.39,U018,63918,M018,True
T0193,4586.31,U008,64758,M018,False
T0194,3875.09,U031,65306,M005,False
T0195,375.08,U037,65308,M014,False
T0196,1029.72,U049,65602,M019,False
T0197,1193.19,U025,66052,M018,False
T0198,3159.05,U009,66165,M015,True
T0199,30.49,U047,66309,M019,False
T0200,1194.69,U047,66418,M018,False
T0201,2281.47,U011,67064,M004,False
T0202,3339.53,U046,68093,M018,False
T0203,2266.96,U002,68540,M016,False
T0204,2260.44,U024,68815,M007,False
T0205,1611.24,U010,68872,M005,False
T0206,2682.41,U026,69326,M010,False
T0207,2325.34,U001,69832,M013,False
T0208,1290.17,U047,70267,M003,False
T0209,366.65,U043,70634,M009,False
T0210,1209.87,U037,71656,M004,True
T0211,77.82,U046,71950,M003,False
T0212,2706.28,U004,72371,M016,False
T0213,2180.85,U047,73504,M018,False
T0214,517.33,U005,73832,M019,False
T0215,3470.46,U031,74268,M008,False
T0216,1832.4,U039,74316,M001,False
T0217,2901.99,U040,74675,M016,False
T0218,4166.94,U023,75576,M013,False
T0219,4232.56,U024,76054,M012,False
T0220,1581.57,U049,76066,M001,False
T0221,232.02,U031,76365,M015,False
T0222,3680.78,U017,76604,M004,False
T0223,2451.85,U029,77060,M003,False
T0224,1878.29,U015,77101,M016,False
T0225,1287.43,U050,77591,M009,False
T0226,627.51,U021,77767,M015,False
T0227,1594.27,U007,77804,M011,False
T0228,1471.59,U012,78086,M006,False
T0229,4259.5,U011,78501,M016,False
T0230,2912.04,U017,78629,M001,False
T0231,3197.71,U004,78686,M013,False
T0232,1200.09,U036,78711,M006,True
T0233,4021.36,U030,78957,M005,False
T0234,868.32,U010,79013,M006,False
T0235,1267.43,U030,79392,M015,False
T0236,1666.01,U011,80089,M017,False
T0237,1316.91,U041,80176,M003,False
T0238,1459.03,U041,80558,M017,False
T0239,2106.09,U031,80657,M012,False
T0240,2200.05,U015,80832,M017,False
T0241,1827.12,U042,81618,M017,False
T0242,3671.77,U020,81721,M007,False
T0243,443.14,U031,81874,M018,False
T0244,631.8,U028,82175,M014,False
T0245,2944.77,U034,82467,M013,True
T0246,290.57,U037,82582,M003,False
T0247,625.01,U025,82627,M018,False
T0248,1452.97,U019,82868,M012,False
T0249,3437.2,U023,83336,M016,False
T0250,3310.45,U048,83953,M007,False
T0251,3463.83,U042,84216,M011,False
T0252,2673.6,U022,84365,M015,False
T0253,1679.9,U035,84491,M005,False
T0254,79.14,U032,84643,M001,False
T0255,4312.11,U012,84736,M016,False
T0256,3972.6,U044,84891,M020,False
T0257,3127.95,U017,85131,M006,True
T0258,206.93,U002,85168,M002,False
T0259,3772.42,U004,85544,M009,True
T0260,3809.54,U044,85847,M017,False
T0261,2758.81,U012,85955,M009,False
T0262,2973.0,U040,85965,M014,False
T0263,2118.45,U026,86431,M018,False
T0264,137.46,U032,86518,M005,False
T0265,740.91,U022,86554,M016,False
T0266,4255.98,U019,87949,M006,False
T0267,2253.17,U022,88425,M017,False
T0268,1173.88,U020,89067,M003,False
T0269,1982.45,U034,89135,M004,False
T0270,51.75,U013,89771,M008,False
T0271,2853.75,U012,89772,M017,False
T0272,3427.11,U010,89982,M004,False
T0273,698.7,U038,90259,M005,False
T0274,3433.14,U014,90898,M004,False
T0275,21.55,U003,91305,M011,False
T0276,4459.62,U030,91549,M003,False
T0277,4493.5,U029,92055,M011,False
T0278,4006.51,U029,92295,M016,False
T0279,14.69,U043,93326,M004,False
T0280,1347.83,U027,93624,M007,False
T0281,3589.24,U023,93624,M019,False
T0282,1427.79,U004,93806,M019,False
T0283,3424.01,U037,93946,M004,False
T0284,4987.13,U048,94769,M014,False
T0285,1721.9,U017,94782,M010,False
T0286,3225.3,U004,94930,M007,False
T0287,2324.04,U033,94952,M013,False
T0288,2003.67,U041,95071,M012,False
T0289,1792.67,U016,95136,M001,False
T0290,4745.1,U030,96126,M007,False
T0291,1281.96,U020,96369,M019,False
T0292,2010.73,U015,96424,M019,False
T0293,2443.17,U004,96781,M014,False
T0294,1876.49,U005,97616,M013,True
T0295,457.03,U006,97758,M014,False
T0296,996.7,U048,98524,M017,False
T0297,3740.64,U016,99326,M015,False
T0298,3277.77,U046,99807,M001,False
T0299,2864.11,U033,99850,M005,False
T0300,2615.99,U045,99868,M014,False
T0301,1640.31,U026,100018,M006,False
T0302,835.39,U007,100195,M003,False
T0303,588.42,U034,100331,M020,False
T0304,1602.24,U006,100617,M006,False
T0305,4069.28,U031,100979,M015,False
T0306,1514.46,U040,101013,M003,False
T0307,756.5,U045,101400,M003,False
T0308,2248.53,U010,101514,M002,True
T0309,3579.85,U008,102170,M008,False
T0310,2415.15,U031,102365,M015,True
T0311,1952.11,U037,102472,M016,False
T0312,4048.77,U045,102759,M015,False
T0313,4214.39,U045,102988,M008,False
T0314,3877.89,U010,103024,M017,False
T0315,302.09,U048,104053,M007,False
T0316,4898.98,U033,104442,M011,False
T0317,2940.08,U049,105071,M004,False
T0318,4891.71,U049,105389,M015,True
T0319,4802.97,U007,106142,M008,False
T0320,717.69,U026,106663,M006,False
T0321,2060.56,U011,107392,M007,False
T0322,1915.97,U047,107402,M004,False
T0323,1116.83,U048,107473,M018,False
T0324,4370.71,U036,107573,M017,False
T0325,3410.65,U043,107786,M012,False
T0326,1839.07,U017,107903,M019,False
T0327,2334.91,U003,108111,M017,False
T0328,4902.97,U021,108239,M017,False
T0329,4324.89,U028,108975,M007,False
T0330,3746.22,U027,110639,M019,False
T0331,4828.62,U028,111090,M001,False
T0332,589.56,U008,111425,M016,False
T0333,2610.4,U045,111486,M002,False
T0334,3810.05,U033,111579,M010,False
T0335,1780.78,U050,111871,M004,False
T0336,3083.73,U030,112168,M005,False
T0337,2540.24,U026,112178,M011,False
T0338,4031.03,U012,112214,M004,False
T0339,47.33,U037,112512,M011,False
T0340,3287.21,U037,113247,M011,False
T0341,1334.76,U045,113346,M013,False
T0342,3045.64,U020,113355,M016,False
T0343,4973.41,U043,113365,M001,False
T0344,3284.02,U015,113475,M012,False
T0345,4779.46,U005,114027,M020,False
T0346,4602.0,U004,114176,M014,False
T0347,4717.83,U009,114266,M005,False
T0348,3481.16,U009,114532,M020,False
T0349,1950.52,U037,114551,M007,False
T0350,2818.47,U037,114600,M016,False
T0351,4246.05,U042,114675,M006,False
T0352,3191.26,U006,114682,M008,False
T0353,291.86,U037,114763,M003,False
T0354,1842.42,U044,114928,M014,True
T0355,1768.34,U037,114951,M006,False
T0356,2556.85,U037,115188,M005,True
T0357,158.82,U045,115233,M007,False
T0358,1254.02,U012,115266,M001,False
T0359,2291.97,U037,115566,M003,True
T0360,600.31,U037,115810,M019,True
T0361,4016.2,U012,116229,M006,False
T0362,569.97,U028,116276,M010,False
T0363,69.65,U045,116683,M010,False
T0364,2124.6,U049,117149,M003,False
T0365,547.72,U018,117466,M005,False
T0366,2073.65,U022,118844,M016,False
T0367,1630.6,U030,119490,M009,False
T0368,1263.14,U031,119629,M003,False
T0369,2554.52,U037,119754,M009,False
T0370,747.45,U018,120020,M001,False
T0371,3834.72,U011,120096,M006,False
T0372,510.43,U009,120205,M001,False
T0373,3957.54,U009,120216,M008,False
T0374,4227.02,U024,120465,M009,False
T0375,1502.02,U046,120675,M001,True
T0376,1328.81,U009,121079,M015,False
T0377,4885.31,U031,121119,M010,False
T0378,3031.44,U033,121263,M013,False
T0379,52.59,U009,121365,M013,False
T0380,1223.15,U028,121620,M015,False
T0381,3530.11,U028,121660,M016,False
T0382,4200.71,U009,122179,M016,False
T0383,3312.56,U009,122503,M010,False
T0384,697.98,U036,122553,M010,False
T0385,590.19,U020,122629,M006,False
T0386,4202.69,U009,122690,M001,True
T0387,3142.23,U009,122922,M004,True
T0388,1059.83,U013,123014,M016,False
T0389,1596.43,U029,123365,M009,False
T0390,4896.31,U001,123949,M001,False
T0391,3464.15,U004,123967,M015,False
T0392,1582.7,U025,124052,M018,False
T0393,787.63,U039,124078,M008,False
T0394,2665.27,U047,124138,M006,False
T0395,3268.02,U023,124395,M006,False
T0396,1399.32,U040,124582,M005,False
T0397,3679.18,U043,124870,M008,False
T0398,837.63,U018,125461,M013,False
T0399,4447.24,U033,125636,M013,False
T0400,3190.78,U046,125805,M003,False
T0401,41.3,U022,126451,M014,False
T0402,868.06,U005,126610,M009,False
T0403,4498.17,U029,126882,M008,False
T0404,3486.27,U020,126935,M019,False
T0405,3406.88,U044,127916,M013,False
T0406,4515.88,U044,127982,M018,False
T0407,1596.26,U030,128473,M009,False
T0408,460.8,U022,128479,M002,False
T0409,2975.21,U026,128725,M008,False
T0410,2948.87,U011,129144,M012,False
T0411,3785.99,U003,129204,M015,False
T0412,3807.29,U021,129620,M015,False
T0413,4553.65,U004,130192,M017,False
T0414,837.42,U002,131113,M008,False
T0415,3934.19,U016,132040,M019,False
T0416,3486.34,U036,133470,M007,False
T0417,1884.02,U022,134001,M017,False
T0418,1469.63,U031,134159,M009,False
T0419,3735.32,U012,135461,M013,False
T0420,2337.56,U036,136074,M020,False
T0421,4292.17,U010,136306,M018,False
T0422,2582.31,U050,136412,M020,False
T0423,466.86,U043,136659,M020,False
T0424,229.96,U045,136878,M001,False
T0425,3057.18,U044,137002,M016,False
T0426,1018.59,U036,137377,M010,False
T0427,4580.24,U008,137606,M001,False
T0428,3895.76,U007,137935,M006,False
T0429,3132.64,U008,137962,M007,True
T0430,4651.7,U030,138327,M003,False
T0431,3806.97,U007,138943,M003,False
T0432,4335.37,U009,139136,M008,False
T0433,1067.89,U005,139145,M019,False
T0434,3867.53,U049,139613,M005,False
T0435,2904.27,U033,139999,M013,False
T0436,3073.51,U015,140057,M016,False
T0437,2168.89,U044,140288,M011,False
T0438,2951.25,U044,140454,M011,False
T0439,325.56,U031,141081,M004,False
T0440,3869.35,U009,141422,M016,False
T0441,3442.97,U034,141822,M014,True
T0442,1599.09,U045,142079,M012,False
T0443,486.86,U035,142254,M013,False
T0444,420.65,U028,142291,M015,False
T0445,3986.47,U042,142348,M016,True
T0446,3151.15,U042,142703,M001,False
T0447,2153.65,U042,142736,M010,False
T0448,1.46,U049,142921,M012,False
T0449,782.46,U015,143006,M013,False
T0450,1010.75,U018,143057,M001,False
T0451,4759.26,U032,143167,M007,True
T0452,1253.88,U049,143423,M004,False
T0453,1567.44,U020,143790,M013,True
T0454,3114.37,U045,143826,M014,False
T0455,598.1,U046,143876,M001,False
T0456,1507.8,U014,143901,M009,False
T0457,439.52,U025,143902,M014,False
T0458,4485.98,U043,143928,M003,False
T0459,503.62,U050,144144,M001,False
T0460,2707.23,U013,144818,M010,False
T0461,1997.6,U015,145051,M017,False
T0462,659.73,U042,145308,M019,False
T0463,3246.55,U008,146566,M002,False
T0464,4816.28,U021,146622,M008,False
T0465,1919.85,U048,146748,M003,False
T0466,4484.49,U032,147271,M014,False
T0467,521.45,U032,147475,M011,False
T0468,2768.07,U036,148241,M004,False
T0469,408.43,U043,148298,M012,False
T0470,739.41,U046,148533,M004,False
T0471,581.23,U047,148557,M012,False
T0472,3287.07,U005,148766,M001,False
T0473,1112.57,U045,149274,M008,True
T0474,2460.65,U004,149289,M009,False
T0475,853.66,U027,149644,M019,False
T0476,3415.99,U032,150069,M008,False
T0477,4935.97,U030,150181,M011,False
T0478,1755.77,U012,150210,M019,False
T0479,2672.57,U023,150698,M001,False
T0480,1159.24,U015,150703,M020,False
T0481,861.83,U026,150840,M020,False
T0482,2789.6,U024,151275,M007,False
T0483,4978.43,U050,152203,M019,False
T0484,533.25,U025,152386,M002,False
T0485,4281.69,U013,152928,M005,False
T0486,229.53,U015,153011,M001,False
T0487,1364.68,U033,154506,M014,False
T0488,1123.98,U013,154511,M001,False
T0489,3698.17,U016,154850,M010,False
T0490,3873.26,U025,154954,M008,True
T0491,1010.39,U041,155061,M020,False
T0492,2289.34,U008,155245,M004,False
T0493,563.48,U010,155398,M019,False
T0494,202.61,U021,155528,M003,False
T0495,4700.51,U035,156189,M019,False
T0496,2723.27,U042,156226,M009,False
T0497,49.34,U005,156294,M018,False
T0498,266.29,U008,156465,M016,False
T0499,2359.35,U025,157375,M006,False
T0500,2827.89,U043,157380,M006,False
T0501,1421.45,U047,157677,M011,False
T0502,3802.65,U016,157880,M001,False
T0503,3025.42,U033,158189,M002,False
T0504,3323.36,U018,158971,M011,False
T0505,4745.63,U015,159077,M011,False
T0506,4942.08,U042,159493,M016,False
T0507,755.0,U025,160227,M007,False
T0508,912.22,U012,160940,M006,False
T0509,299.82,U042,161395,M018,False
T0510,4920.37,U010,161638,M016,False
T0511,2513.36,U011,161684,M006,False
T0512,2937.11,U047,162029,M014,False
T0513,3900.8,U027,162060,M008,True
T0514,1653.48,U046,162325,M002,False
T0515,1133.49,U009,162471,M003,False
T0516,3917.59,U031,162520,M012,False
T0517,520.54,U040,162816,M003,False
T0518,425.7,U004,163137,M006,False
T0519,4432.16,U039,164404,M020,False
T0520,2099.74,U022,165055,M012,False
T0521,4597.02,U034,165080,M002,False
T0522,2711.31,U020,165156,M006,False
T0523,3854.21,U016,165358,M016,False
T0524,2879.47,U008,165488,M008,False
T0525,558.65,U028,165840,M015,False
T0526,2523.96,U043,165860,M018,False
T0527,4410.86,U020,166699,M009,False
T0528,3104.75,U036,166744,M016,True
T0529,3605.92,U013,167082,M016,False
T0530,3834.44,U015,167378,M004,False
T0531,1817.19,U048,167758,M001,False
T0532,1335.41,U019,168384,M009,False
T0533,851.36,U025,168720,M003,False
T0534,216.68,U037,168956,M005,False
T0535,2233.53,U045,169654,M004,False
T0536,2399.43,U020,169662,M015,False
T0537,765.92,U011,169834,M011,False
T0538,4644.45,U020,170341,M019,False
T0539,138.22,U004,170820,M019,False
T0540,2186.09,U016,171200,M013,False
T0541,2654.73,U018,172537,M009,False
T0542,1859.85,U042,173565,M002,False
T0543,3288.35,U023,174418,M020,False
T0544,3303.68,U047,175409,M007,False
T0545,4711.46,U004,176149,M019,False
T0546,707.04,U027,176214,M012,False
T0547,842.0,U023,177487,M005,False
T0548,3492.55,U040,177715,M002,False
T0549,3968.88,U048,177934,M003,False
T0550,4260.14,U043,178795,M011,False
T0551,485.84,U014,179130,M010,False
T0552,1903.65,U050,179185,M011,True
T0553,281.52,U001,179708,M003,False
T0554,4491.51,U020,180079,M009,False
T0555,2723.09,U016,181493,M003,False
T0556,2627.86,U021,181594,M015,False
T0557,2726.05,U043,181833,M016,False
T0558,3905.63,U012,182085,M005,True
T0559,2102.81,U025,182480,M020,False
T0560,2252.65,U016,183027,M020,True
T0561,3707.4,U039,183095,M019,False
T0562,4742.65,U048,183640,M014,True
T0563,1090.82,U007,183662,M007,False
T0564,202.12,U049,183700,M016,False
T0565,205.33,U024,183781,M018,False
T0566,288.26,U050,183785,M016,False
T0567,3935.17,U015,183869,M013,False
T0568,3372.33,U013,184019,M020,False
T0569,3080.35,U002,184160,M007,False
T0570,3892.32,U015,184430,M017,False
T0571,2365.46,U001,185186,M014,False
T0572,4906.7,U042,186450,M017,False
T0573,3284.73,U037,187588,M018,False
T0574,2817.99,U003,188066,M011,False
T0575,3613.51,U008,188503,M019,False
T0576,159.64,U027,188724,M005,False
T0577,3458.68,U039,188744,M016,False
T0578,280.5,U017,188783,M017,False
T0579,2060.85,U044,188803,M006,False
T0580,1884.22,U011,189630,M020,False
T0581,422.91,U024,190724,M013,False
T0582,940.82,U005,191267,M005,False
T0583,1863.74,U022,191752,M004,False
T0584,4343.98,U032,191755,M017,False
T0585,3626.21,U036,191961,M011,False
T0586,969.88,U041,192148,M004,False
T0587,746.94,U025,192811,M018,False
T0588,3601.85,U032,192988,M018,False
T0589,2394.09,U022,193319,M002,False
T0590,598.65,U035,194143,M007,False
T0591,4803.93,U006,194851,M003,False
T0592,509.66,U035,196041,M012,False
T0593,3064.28,U017,196243,M018,False
T0594,2855.34,U025,196481,M020,False
T0595,4545.34,U037,197383,M011,False
T0596,773.62,U015,197569,M018,False
T0597,1731.45,U018,197636,M004,False
T0598,2589.23,U033,197810,M013,False
T0599,303.69,U018,199028,M004,False
T0600,4009.86,U015,199367,M020,False
T0601,4735.64,U044,199405,M016,True
T0602,1123.2,U014,199800,M009,False
T0603,2772.82,U025,200281,M010,False
T0604,184.07,U042,200386,M010,False
T0605,2622.4,U016,201255,M020,False
T0606,1257.77,U008,201939,M011,False
T0607,2658.77,U013,202500,M017,False
T0608,1426.4,U005,202897,M011,False
T0609,4879.22,U026,203895,M016,False
T0610,2958.86,U032,204915,M018,False
T0611,535.7,U040,205438,M007,False
T0612,2733.53,U039,206012,M007,False
T0613,3434.6,U048,206606,M012,False
T0614,146.93,U040,206909,M015,False
T0615,1778.77,U022,207772,M018,False
T0616,2899.23,U027,208405,M011,False
T0617,4208.51,U033,208573,M005,False
T0618,2059.39,U023,208622,M019,False
T0619,2637.77,U011,209398,M020,False
T0620,3348.64,U026,210040,M017,False
T0621,2203.43,U032,210416,M020,False
T0622,1604.01,U045,210608,M016,False
T0623,4644.64,U049,210922,M010,False
T0624,895.21,U038,211741,M015,False
T0625,894.02,U003,211895,M004,False
T0626,3160.47,U018,212033,M011,False
T0627,4.38,U028,212146,M005,False
T0628,1113.55,U043,212686,M007,False
T0629,3802.5,U019,212987,M006,False
T0630,1550.22,U033,213068,M005,False
T0631,1942.71,U017,213214,M011,False
T0632,2051.89,U005,213446,M014,False
T0633,3700.32,U014,213701,M018,False
T0634,4572.29,U045,214447,M013,True
T0635,3524.66,U036,214656,M005,False
T0636,3383.91,U009,215154,M002,False
T0637,3912.07,U039,215378,M019,False
T0638,268.73,U022,215535,M007,False
T0639,501.18,U044,215910,M011,False
T0640,2330.16,U004,216881,M014,False
T0641,1560.14,U030,216916,M017,False
T0642,3081.14,U014,216995,M002,False
T0643,2324.96,U008,217402,M020,False
T0644,1097.16,U050,218217,M009,False
T0645,1919.7,U022,218353,M019,False
T0646,2069.38,U014,219205,M020,False
T0647,24.56,U018,219553,M006,False
T0648,3224.66,U019,219770,M014,False
T0649,3163.28,U013,219899,M020,False
T0650,3245.54,U048,219984,M008,False
T0651,2888.22,U020,220039,M011,False
T0652,3878.38,U016,220073,M019,False
T0653,1362.47,U039,220861,M011,False
T0654,3376.47,U031,220939,M019,False
T0655,37.65,U005,221020,M007,False
T0656,1122.38,U009,221449,M001,False
T0657,4745.36,U011,222182,M007,False
T0658,1748.9,U041,222652,M001,False
T0659,2816.67,U043,222713,M019,False
T0660,518.9,U033,223072,M005,False
T0661,2894.93,U050,223095,M002,False
T0662,2032.66,U031,224130,M013,False
T0663,1204.37,U035,224319,M013,False
T0664,459.7,U034,225583,M013,False
T0665,2286.7,U016,225595,M019,False
T0666,2157.11,U014,226037,M010,False
T0667,2210.78,U018,226040,M017,False
T0668,604.61,U026,226061,M015,False
T0669,4147.46,U020,226639,M017,False
T0670,460.61,U039,227357,M020,False
T0671,164.55,U024,227823,M015,False
T0672,774.83,U019,228275,M002,False
T0673,1802.77,U004,228367,M004,False
T0674,3978.59,U026,228411,M014,True
T0675,1980.35,U001,228486,M019,False
T0676,3466.11,U027,228596,M005,False
T0677,3536.14,U001,229344,M017,False
T0678,452.2,U015,229437,M001,False
T0679,131.29,U039,229659,M001,False
T0680,3427.81,U023,230074,M010,False
T0681,2770.05,U038,230914,M001,False
T0682,124.95,U040,231069,M015,False
T0683,1289.84,U025,231087,M008,True
T0684,3336.0,U003,231230,M013,False
T0685,571.78,U039,231287,M003,False
T0686,911.23,U021,231625,M019,False
T0687,3899.37,U014,232103,M008,False
T0688,309.28,U050,233086,M005,False
T0689,1716.49,U046,233164,M018,False
T0690,1637.15,U038,233210,M019,False
T0691,4360.96,U031,233238,M007,False
T0692,1817.35,U004,233746,M015,False
T0693,4102.86,U015,233752,M001,False
T0694,4999.54,U023,235113,M003,False
T0695,3968.69,U033,235134,M004,False
T0696,4382.07,U037,235391,M001,False
T0697,2796.85,U030,235426,M001,True
T0698,3255.2,U044,236540,M006,False
T0699,3349.5,U034,236633,M008,False
T0700,3031.98,U040,236650,M017,False
T0701,1216.8,U045,236828,M010,False
T0702,688.43,U013,237264,M002,False
T0703,1741.13,U018,237288,M020,False
T0704,3649.72,U034,238475,M014,False
T0705,4163.31,U019,238533,M012,False
T0706,2373.48,U042,238596,M002,False
T0707,396.48,U022,239303,M011,False
T0708,3370.93,U008,239499,M017,False
T0709,2857.48,U037,239669,M004,False
T0710,4740.6,U036,239816,M003,False
T0711,2983.07,U005,240977,M013,False
T0712,762.9,U022,241192,M013,False
T0713,3726.12,U019,241296,M020,False
T0714,3829.58,U019,242446,M001,False
T0715,2062.55,U041,242675,M003,False
T0716,2132.42,U030,243118,M013,False
T0717,2835.65,U015,243461,M008,False
T0718,2463.03,U012,244026,M010,False
T0719,3865.57,U006,244098,M004,False
T0720,4662.06,U002,244315,M018,False
T0721,729.95,U003,244831,M007,False
T0722,1590.97,U018,244959,M003,True
T0723,315.24,U024,245386,M002,False
T0724,1982.31,U020,245517,M014,False
T0725,2519.98,U019,245536,M019,False
T0726,388.34,U019,245884,M009,False
T0727,1786.33,U043,245925,M004,False
T0728,180.46,U005,246174,M010,False
T0729,4092.3,U049,246277,M010,False
T0730,2975.58,U044,246629,M013,False
T0731,452.16,U049,246898,M010,False
T0732,35.14,U025,246961,M015,False
T0733,2094.51,U036,247085,M007,True
T0734,3686.44,U048,247399,M014,True
T0735,4039.4,U017,247669,M016,True
T0736,4845.01,U049,247861,M006,False
T0737,4925.68,U009,248235,M016,False
T0738,2491.29,U047,248250,M017,False
T0739,2054.88,U044,249068,M015,False
T0740,3303.33,U020,249087,M004,True
T0741,1979.57,U022,249119,M002,False
T0742,3040.31,U032,249433,M007,False
T0743,659.88,U023,249489,M019,False
T0744,2482.76,U006,249641,M020,False
T0745,520.64,U034,249736,M014,False
T0746,1506.45,U004,250021,M014,True
T0747,3493.68,U047,250229,M002,False
T0748,4664.33,U013,250405,M019,False
T0749,1819.96,U001,250484,M020,False
T0750,145.32,U041,250921,M006,False
T0751,1478.41,U004,250967,M016,False
T0752,750.5,U049,251974,M002,False
T0753,3345.02,U029,252023,M020,False
T0754,1822.01,U010,252050,M005,False
T0755,3830.5,U002,252356,M007,False
T0756,3942.81,U023,252838,M004,False
T0757,1956.38,U050,253542,M019,False
T0758,3160.14,U037,253690,M005,True
T0759,696.76,U020,253777,M009,False
T0760,3685.82,U016,253814,M009,False
T0761,3704.71,U016,254235,M002,False
T0762,3624.49,U036,254533,M019,False
T0763,380.91,U045,254646,M004,False
T0764,441.56,U007,255135,M014,False
T0765,2767.49,U029,255479,M019,False
T0766,4649.68,U048,255761,M017,False
T0767,1874.83,U010,256059,M017,False
T0768,2060.24,U004,256092,M008,False
T0769,4666.36,U005,256150,M012,False
T0770,13.84,U001,256430,M002,False
T0771,2459.94,U045,256639,M001,False
T0772,903.66,U005,258114,M016,False
T0773,2119.48,U044,258313,M009,False
T0774,3861.06,U019,258421,M003,False
T0775,3650.36,U048,258635,M008,False
T0776,3856.36,U029,259168,M002,False
T0777,2660.14,U015,259535,M015,False
T0778,4948.89,U007,259555,M010,True
T0779,732.07,U021,259579,M013,False
T0780,3230.99,U003,259778,M015,False
T0781,1385.56,U006,260221,M018,False
T0782,4407.07,U027,260297,M009,False
T0783,90.56,U001,260909,M008,False
T0784,610.69,U050,261055,M013,False
T0785,998.09,U034,261250,M018,False
T0786,2323.28,U036,261303,M004,False
T0787,1034.69,U013,261824,M020,False
T0788,692.9,U024,261993,M008,False
T0789,1496.47,U028,262246,M015,False
T0790,4380.69,U037,262292,M015,False
T0791,3672.94,U039,262529,M001,False
T0792,467.61,U024,262552,M003,False
T0793,4917.68,U044,262732,M005,False
T0794,4474.73,U006,262778,M007,False
T0795,1001.18,U026,263470,M020,False
T0796,2528.47,U018,264294,M005,False
T0797,1392.0,U027,264525,M003,False
T0798,4004.52,U015,264650,M020,False
T0799,1901.89,U036,265015,M016,False
T0800,805.61,U015,265018,M007,False
T0801,297.27,U008,265302,M002,False
T0802,18.66,U049,265406,M001,False
T0803,3828.78,U048,266431,M012,False
T0804,4497.62,U013,267095,M002,False
T0805,1563.43,U021,267271,M012,False
T0806,1321.93,U011,267403,M001,False
T0807,1352.36,U007,267747,M019,False
T0808,4549.04,U026,267946,M010,False
T0809,3618.09,U007,268322,M008,False
T0810,3120.23,U038,268371,M002,False
T0811,1182.11,U010,268402,M007,False
T0812,4620.12,U042,268900,M016,False
T0813,3079.37,U018,269437,M001,True
T0814,3655.87,U042,269761,M006,False
T0815,4383.95,U027,270328,M007,False
T0816,2875.24,U015,271212,M014,False
T0817,3915.15,U047,271840,M006,False
T0818,3044.61,U021,272273,M017,False
T0819,245.7,U020,272804,M006,False
T0820,916.52,U031,272864,M006,False
T0821,4367.66,U009,273342,M006,False
T0822,4122.18,U045,273646,M017,False
T0823,4696.25,U008,273903,M006,False
T0824,3614.69,U001,274258,M012,False
T0825,4870.66,U013,274499,M006,True
T0826,3855.82,U041,274680,M006,True
T0827,3956.31,U010,275436,M010,False
T0828,1360.63,U005,275722,M019,False
T0829,4142.31,U015,275754,M003,True
T0830,994.03,U013,275769,M017,False
T0831,3168.2,U018,276106,M019,False
T0832,2678.72,U045,276142,M008,False
T0833,17.22,U047,276183,M017,False
T0834,1415.34,U017,276570,M017,False
T0835,1018.78,U041,276807,M017,False
T0836,2284.3,U019,276955,M015,False
T0837,4400.8,U027,276967,M013,False
T0838,3379.67,U047,277203,M020,False
T0839,4694.71,U009,277312,M004,False
T0840,356.83,U015,277405,M019,False
T0841,4979.8,U017,277521,M006,False
T0842,2260.13,U030,277880,M004,False
T0843,2688.63,U033,278082,M005,False
T0844,1619.53,U012,278258,M002,False
T0845,1240.04,U016,279473,M018,False
T0846,3408.87,U035,279786,M011,False
T0847,131.96,U040,279825,M020,False
T0848,1851.53,U014,279946,M003,False
T0849,3351.6,U013,279947,M006,False
T0850,4671.31,U033,280150,M001,False
T0851,2632.75,U023,280310,M013,False
T0852,3045.37,U043,280439,M001,False
T0853,1585.07,U019,280465,M020,False
T0854,1788.28,U029,281342,M003,False
T0855,2178.44,U047,281433,M011,False
T0856,695.06,U020,281444,M016,False
T0857,4124.41,U032,281581,M011,False
T0858,2447.8,U037,281770,M014,False
T0859,1859.98,U048,281819,M004,False
T0860,3242.64,U035,281880,M014,False
T0861,4753.98,U049,282602,M019,False
T0862,2043.54,U001,282967,M014,True
T0863,817.85,U025,283060,M018,False
T0864,2512.46,U025,283572,M006,False
T0865,1759.7,U030,284076,M010,False
T0866,1031.59,U041,284111,M017,False
T0867,1070.72,U035,284303,M018,False
T0868,3946.15,U040,284459,M002,False
T0869,2004.49,U030,285037,M013,False
T0870,4038.07,U044,285071,M010,False
T0871,4874.93,U035,285647,M018,False
T0872,3052.82,U042,285831,M011,False
T0873,3824.32,U050,286232,M013,False
T0874,34.09,U041,286606,M014,False
T0875,474.57,U022,286643,M003,False
T0876,1744.67,U047,286741,M010,False
T0877,2215.58,U041,287096,M005,True
T0878,3175.65,U036,287782,M005,False
T0879,2423.5,U016,287936,M015,False
T0880,60.24,U034,288086,M018,False
T0881,1770.36,U012,288339,M009,False
T0882,3197.49,U002,288389,M008,False
T0883,4025.62,U020,288755,M014,True
T0884,4979.98,U033,289279,M002,False
T0885,3857.84,U045,289362,M018,False
T0886,4401.72,U045,289688,M018,False
T0887,1082.71,U031,289930,M019,False
T0888,1003.58,U019,290088,M018,False
T0889,1296.7,U016,290782,M017,False
T0890,454.81,U048,290849,M019,False
T0891,2688.74,U010,290946,M003,False
T0892,3906.64,U050,291427,M007,False
T0893,2595.3,U029,291668,M006,False
T0894,1603.85,U022,291668,M002,False
T0895,1102.98,U038,291704,M001,False
T0896,701.77,U012,292075,M015,False
T0897,4258.71,U006,292477,M015,False
T0898,2421.42,U016,292559,M018,False
T0899,1886.61,U028,292670,M018,False
T0900,4321.9,U050,292683,M012,True
T0901,2958.31,U030,292731,M001,False
T0902,1356.2,U005,293992,M018,False
T0903,332.0,U010,294083,M001,False
T0904,4478.93,U050,294579,M002,False
T0905,2850.8,U035,294739,M020,False
T0906,1765.12,U004,295023,M016,False
T0907,3203.45,U045,295307,M009,False
T0908,1085.77,U013,295548,M006,False
T0909,111.63,U007,295818,M009,False
T0910,345.56,U030,296020,M010,False
T0911,164.17,U019,296451,M015,False
T0912,794.57,U024,296635,M013,False
T0913,4883.06,U034,296745,M004,False
T0914,3828.9,U010,296882,M011,False
T0915,4550.52,U006,297026,M020,True
T0916,1355.99,U046,297027,M019,False
T0917,4392.67,U047,297223,M003,False
T0918,37.11,U006,297514,M014,False
T0919,1278.03,U004,297809,M007,False
T0920,1748.67,U014,297917,M006,False
T0921,4363.73,U037,298151,M016,False
T0922,4968.68,U011,298194,M020,False
T0923,3382.76,U050,298254,M011,True
T0924,3005.39,U047,298761,M001,False
T0925,2813.86,U007,299990,M018,False
T0926,3070.21,U034,300384,M020,False
T0927,189.0,U024,301022,M003,False
T0928,2418.83,U045,301137,M014,False
T0929,2387.77,U013,301198,M011,False
T0930,3334.54,U030,301603,M018,False
T0931,2555.1,U045,301610,M002,False
T0932,2639.33,U008,302096,M008,False
T0933,1134.68,U024,302143,M002,False
T0934,1954.02,U012,302380,M003,True
T0935,4199.97,U010,302483,M005,False
T0936,1374.99,U035,302692,M006,False
T0937,2775.01,U032,302865,M005,False
T0938,1493.2,U020,303042,M007,False
T0939,2105.66,U019,303257,M006,False
T0940,997.09,U025,303524,M018,False
T0941,3940.02,U012,303528,M002,False
T0942,451.32,U028,303859,M013,False
T0943,1130.14,U027,304704,M014,False
T0944,1117.31,U050,305134,M005,False
T0945,846.23,U004,305925,M020,False
T0946,11.98,U023,306166,M018,False
T0947,3979.61,U015,306278,M002,False
T0948,2694.3,U021,306849,M010,False
T0949,1622.55,U004,307618,M012,False
T0950,1859.04,U038,308334,M015,False
T0951,1989.95,U022,308463,M015,False
T0952,3964.87,U006,308528,M008,True
T0953,2307.27,U028,308721,M020,False
T0954,1534.81,U045,308823,M005,False
T0955,3533.42,U036,309030,M018,False
T0956,2256.99,U003,309234,M001,True
T0957,3984.06,U035,309307,M005,False
T0958,71.41,U022,309355,M019,False
T0959,3451.76,U041,309369,M012,False
T0960,3096.26,U016,309440,M016,False
T0961,4197.07,U045,309477,M007,False
T0962,4570.33,U031,309478,M011,True
T0963,2874.48,U045,309571,M001,False
T0964,1657.07,U046,309913,M016,False
T0965,1437.49,U004,311762,M019,False
T0966,863.47,U044,311893,M020,False
T0967,327.37,U003,312687,M010,False
T0968,184.57,U003,312938,M011,False
T0969,1306.47,U046,313305,M007,True
T0970,611.59,U031,313328,M007,False
T0971,4408.39,U031,313369,M003,False
T0972,3339.65,U036,313921,M004,False
T0973,4734.84,U031,314164,M001,False
T0974,1423.52,U042,314318,M017,False
T0975,3603.08,U032,314608,M009,False
T0976,1508.85,U042,314818,M002,False
T0977,3732.42,U049,314861,M014,False
T0978,3951.19,U020,314870,M017,False
T0979,1570.26,U008,314910,M017,False
T0980,4097.76,U007,314985,M002,False
T0981,3058.78,U042,315058,M001,False
T0982,2368.12,U015,315344,M005,False
T0983,2050.48,U042,315519,M003,False
T0984,4362.34,U044,315697,M009,False
T0985,3060.64,U006,315830,M012,False
T0986,4517.12,U042,315853,M010,False
T0987,531.57,U044,315989,M020,False
T0988,2320.61,U031,316006,M016,False
T0989,4557.67,U042,316062,M020,False
T0990,4239.61,U043,316302,M007,False
T0991,4196.04,U042,316329,M005,True
T0992,3318.89,U042,316350,M005,True
T0993,1049.49,U005,316509,M017,False
T0994,3769.03,U022,316613,M019,True
T0995,2781.19,U005,316793,M018,False
T0996,3421.87,U023,317012,M008,False
T0997,2397.49,U022,317915,M001,False
T0998,2061.61,U010,318319,M001,False
T0999,746.84,U037,318594,M003,False
T1000,2453.44,U020,318677,M016,False
T1001,177.6,U039,318841,M019,False
T1002,2196.33,U030,318862,M013,False
T1003,453.01,U044,318992,M020,False
T1004,3971.94,U044,319343,M014,False
T1005,1456.61,U026,319348,M010,False
T1006,2745.94,U006,319394,M017,False
T1007,2738.08,U006,319491,M007,False
T1008,2314.78,U023,320310,M016,False
T1009,2003.91,U041,320389,M011,False
T1010,2429.82,U022,320523,M019,False
T1011,514.44,U033,320984,M006,False
T1012,2022.6,U016,321080,M019,False
T1013,862.07,U004,322266,M004,False
T1014,98.36,U024,322451,M008,False
T1015,289.63,U030,323139,M001,False
T1016,585.11,U049,323256,M011,False
T1017,1809.78,U024,323869,M006,False
T1018,902.9,U045,323993,M011,False
T1019,1265.66,U025,324291,M012,False
T1020,4421.35,U005,324314,M013,False
T1021,3061.87,U004,324314,M006,False
T1022,3274.51,U025,324398,M008,False
T1023,2975.61,U006,324620,M018,False
T1024,4429.07,U021,325138,M017,False
T1025,1689.99,U020,326053,M009,True
T1026,1224.88,U005,326503,M020,False
T1027,2285.27,U048,327162,M015,False
T1028,3467.93,U023,327252,M005,False
T1029,4842.02,U039,327626,M012,False
T1030,3831.13,U048,327659,M001,True
T1031,1701.62,U010,327766,M011,False
T1032,1801.71,U044,327897,M014,False
T1033,4571.74,U024,328122,M014,False
T1034,2299.31,U005,328267,M019,False
T1035,1663.81,U012,328638,M002,False
T1036,2983.26,U023,328914,M014,False
T1037,277.58,U006,329153,M020,False
T1038,4215.53,U036,329159,M018,False
T1039,230.82,U017,329502,M001,False
T1040,2647.77,U026,329657,M009,False
T1041,184.45,U006,329795,M009,False
T1042,331.88,U037,329963,M007,False
T1043,4921.99,U014,330201,M001,False
T1044,1497.42,U047,330828,M018,False
T1045,1565.74,U011,330870,M016,False
T1046,3273.08,U045,331246,M014,False
T1047,1874.15,U008,331863,M018,True
T1048,1190.29,U003,332006,M019,False
T1049,3451.51,U032,332441,M016,False
T1050,2751.25,U005,333299,M017,False
T1051,881.33,U038,333451,M012,False
T1052,1640.5,U040,334002,M006,False
T1053,1875.19,U002,334165,M004,False
T1054,3610.25,U029,334400,M003,False
T1055,1571.6,U026,334640,M010,False
T1056,3842.82,U030,335772,M005,False
T1057,1595.2,U039,336241,M008,False
T1058,4575.72,U036,337237,M010,False
T1059,518.67,U043,337477,M017,False
T1060,2712.91,U041,338041,M004,False
T1061,506.06,U020,338273,M005,False
T1062,466.54,U020,338503,M012,False
T1063,3407.53,U020,338756,M006,False
T1064,3215.32,U040,338908,M011,True
T1065,3821.16,U028,339162,M020,False
T1066,1868.42,U007,339254,M005,False
T1067,4908.44,U031,339320,M008,True
T1068,4592.55,U039,339902,M016,False
T1069,1770.22,U006,340189,M013,False
T1070,1180.59,U028,340277,M001,True
T1071,576.75,U002,340544,M006,False
T1072,2593.9,U036,340839,M016,True
T1073,320.12,U018,340930,M009,False
T1074,1897.76,U007,341244,M012,False
T1075,1151.09,U008,341974,M008,True
T1076,1547.11,U027,342027,M013,False
T1077,2893.94,U042,342157,M016,False
T1078,451.58,U019,342589,M014,False
T1079,2700.11,U010,342707,M017,False
T1080,4860.39,U025,342838,M005,False
T1081,3856.95,U025,343312,M016,False
T1082,4813.47,U011,343341,M019,False
T1083,1606.74,U006,343848,M010,False
T1084,4421.29,U036,343939,M020,False
T1085,3300.51,U026,344207,M009,False
T1086,2932.33,U015,344519,M005,False
T1087,3473.4,U018,345200,M017,False
T1088,3351.0,U011,345824,M014,False
T1089,2157.06,U043,346239,M020,False
T1090,2318.96,U003,346290,M003,True
T1091,263.4,U027,346337,M016,False
T1092,3498.37,U043,346373,M011,False
T1093,337.93,U003,346479,M003,False
T1094,3441.33,U031,346663,M008,False
T1095,1364.91,U008,346747,M006,False
T1096,322.08,U027,346954,M018,False
T1097,873.09,U011,347067,M018,False
T1098,2499.79,U028,347362,M019,False
T1099,2679.89,U014,347832,M012,False
T1100,2632.72,U001,347848,M020,False
T1101,2250.86,U002,347997,M007,False
T1102,4417.1,U043,348005,M011,False
T1103,1523.99,U026,348354,M020,False
T1104,3857.74,U048,348671,M005,True
T1105,2785.44,U004,349031,M008,False
T1106,227.47,U009,349218,M016,False
T1107,2350.58,U027,349499,M011,False
T1108,2836.65,U023,349636,M010,False
T1109,4611.43,U020,349773,M016,False
T1110,3900.83,U050,350632,M012,False
T1111,3857.38,U002,351284,M014,False
T1112,1419.65,U043,351470,M003,False
T1113,840.27,U006,352058,M015,False
T1114,4174.9,U034,352192,M014,False
T1115,1390.08,U014,352944,M004,False
T1116,4022.46,U028,353729,M013,False
T1117,4341.42,U041,353777,M014,False
T1118,3852.72,U034,353796,M006,False
T1119,1059.09,U021,353894,M013,False
T1120,3273.39,U044,353961,M009,False
T1121,4344.83,U008,353993,M006,True
T1122,3294.01,U047,354019,M019,False
T1123,4122.95,U013,354349,M004,False
T1124,2735.68,U006,354366,M020,False
T1125,3619.14,U015,354733,M017,False
T1126,457.92,U040,354861,M002,False
T1127,1073.08,U026,354877,M018,False
T1128,222.63,U035,354992,M006,False
T1129,2347.98,U017,355007,M020,False
T1130,324.49,U013,355081,M007,False
T1131,3716.8,U025,355505,M006,False
T1132,304.0,U047,355784,M004,False
T1133,4352.75,U048,356005,M008,False
T1134,2484.16,U049,356032,M006,False
T1135,1774.77,U017,356871,M009,False
T1136,2186.0,U005,357137,M020,False
T1137,1008.12,U009,357311,M006,False
T1138,1437.16,U026,358605,M003,False
T1139,687.69,U013,359315,M014,False
T1140,839.44,U044,359316,M015,False
T1141,2091.7,U049,360265,M008,False
T1142,2524.47,U035,360307,M018,False
T1143,653.84,U032,360437,M002,False
T1144,3741.73,U047,360554,M007,False
T1145,2723.04,U032,360745,M019,False
T1146,2802.19,U017,360857,M001,False
T1147,4942.55,U037,361083,M013,False
T1148,2779.7,U004,361145,M013,False
T1149,2329.7,U034,361249,M005,False
T1150,366.07,U028,361264,M003,False
T1151,1864.78,U019,361675,M012,False
T1152,3452.5,U010,361724,M001,False
T1153,2233.29,U031,361888,M011,False
T1154,4478.91,U026,361899,M005,False
T1155,1903.49,U028,361908,M012,True
T1156,3572.21,U044,362066,M005,False
T1157,790.72,U029,362351,M019,False
T1158,4673.75,U015,362831,M017,False
T1159,3726.97,U016,363656,M011,False
T1160,1584.38,U036,364189,M015,False
T1161,2685.64,U006,366375,M008,False
T1162,4083.12,U030,366643,M010,False
T1163,4529.71,U023,368154,M005,False
T1164,3250.45,U029,368247,M007,False
T1165,4505.97,U012,368609,M001,False
T1166,4569.99,U002,368765,M019,False
T1167,1902.52,U001,368845,M010,False
T1168,1457.07,U001,369954,M008,True
T1169,4001.01,U027,370248,M017,False
T1170,4588.64,U041,371015,M014,False
T1171,2876.14,U040,371042,M005,False
T1172,2878.88,U025,372039,M006,False
T1173,4896.89,U019,372358,M011,False
T1174,3272.52,U015,372541,M008,False
T1175,4100.54,U025,372566,M008,False
T1176,472.34,U030,372932,M005,False
T1177,228.54,U005,375075,M017,False
T1178,4495.01,U003,375190,M007,False
T1179,3654.93,U030,375623,M003,False
T1180,2033.16,U035,375691,M007,False
T1181,3191.93,U031,375911,M017,False
T1182,464.64,U007,376417,M012,False
T1183,3974.44,U025,376556,M016,False
T1184,4980.7,U032,376701,M007,False
T1185,1903.93,U035,376710,M010,False
T1186,3479.72,U007,376712,M016,True
T1187,887.92,U030,377685,M002,False
T1188,3302.2,U043,377717,M004,True
T1189,166.32,U004,377880,M007,False
T1190,2496.55,U018,378108,M014,False
T1191,3698.54,U021,378221,M004,False
T1192,3723.22,U017,378496,M012,False
T1193,355.99,U001,378638,M011,False
T1194,817.38,U018,378707,M014,False
T1195,3343.26,U034,378799,M013,True
T1196,1466.6,U041,379201,M019,False
T1197,2234.29,U046,379358,M003,False
T1198,3427.53,U045,380132,M004,False
T1199,2398.11,U020,380180,M005,False
T1200,2224.03,U016,380303,M004,False
T1201,4397.29,U010,380631,M016,True
T1202,4726.67,U044,381671,M002,False
T1203,3668.56,U002,381760,M020,False
T1204,762.82,U037,382199,M011,False
T1205,1901.25,U030,382554,M006,False
T1206,3943.26,U003,382584,M005,False
T1207,4082.66,U026,382746,M004,False
T1208,3359.07,U028,383010,M012,True
T1209,4412.4,U047,383545,M013,False
T1210,3269.89,U010,383588,M013,False
T1211,632.02,U016,384123,M012,False
T1212,4097.27,U035,384945,M015,False
T1213,2481.52,U032,385191,M017,False
T1214,4557.52,U046,385604,M019,False
T1215,1301.53,U006,385792,M006,False
T1216,2683.32,U030,386490,M009,False
T1217,2790.54,U027,386996,M002,False
T1218,2578.55,U018,386999,M015,False
T1219,4262.67,U004,387158,M018,False
T1220,1855.73,U025,387345,M006,False
T1221,3580.1,U028,387585,M013,False
T1222,633.24,U017,387629,M006,False
T1223,321.34,U015,388848,M003,False
T1224,4887.64,U043,388918,M005,False
T1225,768.04,U029,388984,M012,False
T1226,3233.88,U029,389102,M003,False
T1227,2923.22,U041,389518,M004,True
T1228,2485.78,U016,389633,M015,False
T1229,2750.86,U021,389776,M014,False
T1230,991.47,U026,390321,M003,False
T1231,1053.45,U045,390394,M012,False
T1232,3729.0,U018,390532,M001,False
T1233,483.73,U048,390748,M005,False
T1234,1386.45,U005,390923,M012,False
T1235,4890.13,U010,391029,M015,False
T1236,685.61,U019,391133,M016,False
T1237,189.59,U013,391225,M001,False
T1238,1490.98,U047,391255,M001,False
T1239,4875.44,U026,391326,M011,False
T1240,1995.56,U043,391559,M015,False
T1241,766.77,U048,391774,M014,False
T1242,1512.29,U008,392393,M002,False
T1243,3555.84,U003,393417,M009,False
T1244,1141.46,U036,393663,M014,False
T1245,331.51,U038,394025,M003,False
T1246,4282.35,U009,394220,M019,False
T1247,3910.09,U021,394322,M009,False
T1248,204.45,U007,394401,M006,False
T1249,8.31,U043,394552,M010,False
T1250,2722.21,U012,394956,M013,True
T1251,2760.04,U035,395533,M015,False
T1252,2940.36,U021,396086,M019,False
T1253,3666.21,U002,396119,M012,True
T1254,1957.53,U032,396149,M020,False
T1255,2535.14,U036,397030,M013,False
T1256,3060.75,U011,397073,M018,False
T1257,4422.88,U032,397108,M012,False
T1258,4512.31,U011,397382,M001,False
T1259,909.46,U017,397519,M011,False
T1260,905.06,U023,398055,M014,False
T1261,3392.29,U012,398197,M012,False
T1262,411.11,U010,398458,M005,False
T1263,4261.85,U035,398468,M011,False
T1264,929.5,U038,398535,M003,False
T1265,3881.3,U039,398851,M011,False
T1266,2606.0,U044,399226,M006,True
T1267,1269.03,U040,399442,M010,False
T1268,1591.56,U031,399749,M013,False
T1269,1148.2,U031,399755,M012,False
T1270,3654.22,U037,400080,M003,False
T1271,3559.16,U026,400099,M014,False
T1272,908.84,U017,400112,M001,False
T1273,3584.62,U003,400282,M003,False
T1274,2149.5,U003,400296,M012,True
T1275,3847.42,U050,400422,M017,False
T1276,1444.67,U029,400560,M011,False
T1277,1440.52,U032,400633,M005,False
T1278,3221.82,U003,400646,M001,False
T1279,3146.19,U003,400900,M017,False
T1280,3148.07,U003,400962,M005,False
T1281,876.17,U040,401126,M020,False
T1282,3768.22,U003,401550,M015,True
T1283,2228.34,U003,401550,M007,True
T1284,3764.05,U027,401779,M008,False
T1285,2145.7,U031,401936,M001,False
T1286,3434.58,U046,402124,M014,False
T1287,4400.75,U008,402265,M015,False
T1288,700.93,U008,402686,M012,False
T1289,427.45,U046,402744,M017,False
T1290,3045.54,U047,402995,M013,False
T1291,4146.91,U003,403074,M011,True
T1292,696.21,U036,403277,M012,False
T1293,4226.67,U013,403380,M016,False
T1294,1641.25,U008,403472,M010,False
T1295,4302.05,U005,403575,M011,False
T1296,1907.48,U008,404620,M009,False
T1297,2510.53,U016,404924,M003,True
T1298,96.37,U042,405298,M008,False
T1299,1138.34,U004,405910,M017,True
T1300,456.59,U035,406351,M006,False
T1301,62.69,U027,406637,M003,False
T1302,3885.75,U025,407466,M011,False
T1303,3712.32,U036,407777,M008,False
T1304,673.31,U046,407980,M016,False
T1305,1899.62,U046,409018,M016,True
T1306,1551.85,U042,410997,M005,False
T1307,1291.01,U024,411122,M006,True
T1308,2985.26,U040,411612,M019,False
T1309,2487.35,U006,412344,M017,False
T1310,163.78,U023,412842,M006,False
T1311,209.82,U037,413224,M018,False
T1312,2159.15,U038,413420,M011,False
T1313,169.07,U034,413474,M016,False
T1314,2166.35,U047,414186,M016,False
T1315,2796.92,U032,414521,M019,False
T1316,3522.99,U043,414812,M019,False
T1317,4889.74,U043,415032,M009,False
T1318,3429.49,U022,415287,M019,False
T1319,3556.08,U023,415492,M017,False
T1320,2879.41,U025,415922,M007,False
T1321,3845.26,U039,415973,M011,False
T1322,3358.69,U006,416174,M005,False
T1323,4808.3,U029,416379,M001,False
T1324,3771.0,U015,416716,M018,False
T1325,1828.85,U018,416760,M007,False
T1326,4542.33,U024,416869,M005,False
T1327,1079.5,U004,417307,M017,False
T1328,3671.26,U023,418084,M005,False
T1329,435.13,U018,418836,M012,False
T1330,222.44,U042,419029,M011,False
T1331,3468.67,U019,419904,M018,True
T1332,4109.19,U021,420651,M009,False
T1333,3043.67,U045,421233,M002,False
T1334,4815.32,U030,423579,M019,False
T1335,4027.34,U039,423727,M011,False
T1336,1617.05,U050,423808,M017,False
T1337,41.59,U033,423831,M005,False
T1338,1681.31,U044,423956,M006,False
T1339,1781.13,U043,424089,M016,False
T1340,1940.77,U041,424094,M014,False
T1341,608.33,U002,424214,M016,False
T1342,3156.74,U037,424434,M003,False
T1343,2319.34,U009,425051,M006,False
T1344,3434.59,U016,425581,M008,True
T1345,4023.64,U044,425818,M010,True
T1346,4397.46,U050,426024,M002,True
T1347,4822.63,U011,426673,M016,False
T1348,1490.6,U005,426777,M012,True
T1349,2363.88,U031,426833,M007,False
T1350,24.25,U012,426911,M017,False
T1351,1072.16,U015,427376,M004,False
T1352,3274.95,U032,427940,M009,False
T1353,4849.65,U029,428212,M009,False
T1354,4156.58,U005,429016,M016,False
T1355,3388.8,U018,429399,M017,False
T1356,4865.63,U023,429660,M010,False
T1357,2065.39,U014,430311,M017,False
T1358,1915.47,U050,430728,M002,False
T1359,1648.9,U008,430764,M012,False
T1360,4400.78,U027,431228,M010,False
T1361,4602.07,U008,431262,M015,False
T1362,3140.77,U010,431709,M020,False
T1363,897.62,U022,431712,M008,False
T1364,2741.51,U013,431736,M018,False
T1365,4323.16,U012,432322,M001,False
T1366,491.22,U048,432637,M007,False
T1367,4024.18,U009,432794,M020,False
T1368,2305.41,U038,433525,M008,False
T1369,2150.92,U015,433914,M011,False
T1370,3549.49,U018,433973,M003,False
T1371,3341.04,U035,434096,M019,False
T1372,4320.27,U018,435098,M011,False
T1373,2544.85,U018,435673,M016,False
T1374,1079.26,U029,435798,M015,False
T1375,2046.26,U032,435820,M015,True
T1376,424.23,U042,436056,M015,False
T1377,3931.5,U011,436135,M018,False
T1378,2414.37,U019,436181,M003,False
T1379,4137.27,U026,436196,M004,False
T1380,1123.35,U016,436476,M011,False
T1381,3929.24,U021,436548,M014,False
T1382,4399.08,U028,436754,M004,False
T1383,4632.5,U025,436801,M011,False
T1384,242.13,U008,437020,M015,False
T1385,3269.41,U019,437420,M006,False
T1386,3511.62,U008,437619,M015,False
T1387,2853.62,U043,437757,M018,False
T1388,1304.61,U038,437862,M010,False
T1389,2146.99,U026,437983,M010,True
T1390,1451.77,U025,438446,M008,False
T1391,2004.62,U033,438620,M018,False
T1392,3633.81,U013,438651,M006,False
T1393,4987.35,U017,438897,M013,False
T1394,95.67,U021,439122,M005,False
T1395,162.05,U043,439605,M020,False
T1396,1930.3,U047,440038,M006,False
T1397,2614.03,U033,440186,M005,False
T1398,3829.37,U047,440781,M012,False
T1399,3721.31,U020,440897,M011,False
T1400,660.78,U037,441307,M012,False
T1401,3449.82,U031,442226,M006,False
T1402,2799.57,U028,442519,M002,False
T1403,765.05,U011,442666,M020,False
T1404,3684.97,U022,442882,M004,False
T1405,3794.28,U011,443143,M011,False
T1406,4368.16,U049,443481,M002,True
T1407,3293.66,U046,443681,M013,False
T1408,1326.02,U039,443692,M007,False
T1409,468.17,U043,443973,M017,False
T1410,1268.91,U035,444136,M019,False
T1411,1443.88,U047,444420,M014,True
T1412,899.81,U033,444726,M018,False
T1413,1334.34,U006,445120,M003,False
T1414,3306.25,U013,445790,M004,False
T1415,4468.02,U045,446383,M020,False
T1416,2655.07,U019,446590,M009,False
T1417,1811.99,U010,446768,M019,True
T1418,1533.17,U039,446815,M006,False
T1419,4992.94,U026,446980,M004,False
T1420,1202.56,U010,447180,M010,False
T1421,1918.61,U006,447181,M013,False
T1422,148.38,U044,447389,M006,False
T1423,4075.22,U033,447470,M018,False
T1424,4613.55,U018,447724,M011,False
T1425,1790.46,U030,447820,M004,False
T1426,4487.75,U005,448081,M018,False
T1427,4334.01,U016,448324,M013,False
T1428,3706.41,U036,448462,M018,False
T1429,4280.88,U026,448479,M017,True
T1430,3445.98,U046,448965,M006,False
T1431,1314.45,U038,449245,M019,False
T1432,647.9,U028,450268,M013,False
T1433,1520.07,U014,450770,M019,False
T1434,1212.33,U018,450956,M011,False
T1435,2269.12,U039,451096,M004,False
T1436,2683.92,U007,451860,M005,False
T1437,472.53,U043,451989,M012,False
T1438,95.01,U031,452195,M002,False
T1439,720.22,U050,452202,M007,False
T1440,2696.89,U001,452457,M017,True
T1441,3149.17,U012,453125,M013,False
T1442,910.63,U009,453633,M017,False
T1443,1587.27,U034,453959,M005,False
T1444,4685.88,U035,454793,M019,False
T1445,4712.27,U011,455292,M006,False
T1446,730.53,U011,455791,M009,False
T1447,1313.86,U034,455851,M001,False
T1448,3634.35,U023,456068,M009,False
T1449,2689.23,U045,456379,M003,True
T1450,4116.45,U031,456526,M003,False
T1451,2925.88,U004,457037,M005,False
T1452,3074.52,U024,457169,M007,False
T1453,1231.63,U015,457309,M009,False
T1454,4308.96,U003,457409,M001,False
T1455,3606.97,U032,457949,M005,False
T1456,4879.33,U047,458089,M016,False
T1457,1366.81,U024,458176,M013,False
T1458,4045.41,U011,458933,M002,False
T1459,433.44,U049,458936,M013,False
T1460,425.23,U041,459259,M007,False
T1461,714.75,U039,459457,M002,False
T1462,1052.72,U011,460163,M011,False
T1463,3702.96,U026,460285,M008,False
T1464,1743.54,U006,460398,M004,True
T1465,3490.97,U012,461023,M004,False
T1466,2229.43,U017,461101,M015,False
T1467,1900.07,U022,461607,M011,False
T1468,1660.64,U007,461694,M004,True
T1469,1839.84,U037,461999,M015,False
T1470,622.06,U011,462721,M015,False
T1471,3070.22,U007,463031,M009,False
T1472,3113.55,U032,463513,M002,False
T1473,3998.08,U047,463581,M011,False
T1474,847.11,U023,463690,M020,False
T1475,1573.48,U025,464053,M015,False
T1476,2977.67,U049,464071,M020,False
T1477,1016.23,U050,464586,M008,False
T1478,672.79,U048,464635,M011,False
T1479,1249.78,U005,464656,M018,False
T1480,1237.74,U019,464687,M005,False
T1481,4985.81,U013,464971,M005,False
T1482,4461.32,U035,465198,M002,False
T1483,3889.17,U006,465330,M017,False
T1484,2370.05,U027,465420,M001,False
T1485,458.51,U020,466339,M012,False
T1486,581.21,U016,466428,M019,False
T1487,3223.58,U018,466509,M012,False
T1488,1131.73,U044,466686,M001,False
T1489,113.72,U035,467096,M003,False
T1490,895.74,U039,467493,M020,False
T1491,3638.0,U050,467541,M001,False
T1492,1862.96,U039,467773,M006,False
T1493,1541.0,U047,467935,M010,False
T1494,1309.62,U017,467951,M007,False
T1495,3695.1,U043,468349,M012,False
T1496,3366.29,U032,468640,M003,True
T1497,3449.13,U023,468849,M002,False
T1498,3728.58,U031,470050,M012,True
T1499,4964.29,U025,470325,M013,False
T1500,3794.45,U031,470392,M020,False
T1501,3772.47,U049,470711,M019,True
T1502,3053.37,U049,470735,M008,False
T1503,738.09,U049,470852,M006,False
T1504,4548.77,U022,470988,M018,False
T1505,345.31,U010,471213,M010,False
T1506,456.87,U046,471228,M012,False
T1507,4374.17,U003,471578,M009,False
T1508,3739.73,U034,472161,M014,False
T1509,368.59,U033,472230,M018,False
T1510,149.1,U018,472436,M016,False
T1511,4271.78,U018,472623,M006,False
T1512,1965.94,U021,472788,M001,False
T1513,4880.66,U016,472883,M008,False
T1514,459.48,U015,473041,M012,False
T1515,3429.08,U021,473421,M016,False
T1516,2318.43,U042,473639,M003,True
T1517,2566.68,U007,473962,M017,False
T1518,614.06,U005,474001,M006,False
T1519,156.38,U026,474167,M018,False
T1520,1257.66,U040,475159,M002,False
T1521,2944.72,U031,475779,M014,False
T1522,2557.56,U010,476719,M004,False
T1523,4926.56,U017,477110,M010,False
T1524,3138.04,U032,477309,M017,False
T1525,1448.69,U041,477461,M020,False
T1526,742.54,U019,478073,M006,False
T1527,79.27,U014,478185,M013,False
T1528,2812.1,U042,478368,M011,False
T1529,4714.93,U014,478498,M010,False
T1530,1637.18,U036,478933,M001,False
T1531,57.97,U014,478942,M003,False
T1532,4901.24,U016,478975,M018,False
T1533,660.59,U027,478987,M019,False
T1534,3195.12,U040,479318,M003,False
T1535,1537.83,U014,479655,M003,False
T1536,2820.28,U014,479845,M009,False
T1537,1937.26,U009,479975,M007,False
T1538,572.05,U023,480101,M020,False
T1539,4673.6,U014,480202,M008,False
T1540,932.9,U033,480233,M018,False
T1541,1999.59,U014,480408,M011,True
T1542,4283.26,U034,480412,M001,False
T1543,3217.74,U014,480417,M006,True
T1544,1848.82,U044,480419,M003,False
T1545,3504.53,U024,480728,M003,False
T1546,3787.61,U050,481137,M015,True
T1547,3277.54,U026,481141,M005,False
T1548,396.02,U026,481294,M019,False
T1549,4477.52,U023,481294,M009,False
T1550,4085.7,U006,481395,M015,False
T1551,3019.03,U003,481741,M018,False
T1552,2306.29,U017,481894,M009,False
T1553,230.67,U041,481906,M001,False
T1554,2168.18,U024,482071,M005,False
T1555,4006.81,U040,482446,M012,False
T1556,565.32,U031,483646,M006,False
T1557,4257.09,U036,483671,M018,False
T1558,466.95,U008,483863,M004,False
T1559,2537.18,U020,484172,M015,False
T1560,572.5,U039,485394,M011,False
T1561,2229.45,U026,485556,M019,True
T1562,1905.97,U019,486279,M005,False
T1563,3698.14,U016,486462,M012,False
T1564,3985.43,U020,486706,M016,False
T1565,1107.61,U005,486819,M010,False
T1566,3949.5,U024,486849,M001,False
T1567,2198.59,U031,487002,M007,False
T1568,4152.09,U044,487192,M016,False
T1569,3033.7,U021,487575,M015,False
T1570,555.72,U024,487957,M020,False
T1571,2278.47,U044,488003,M016,False
T1572,1403.74,U008,488148,M015,False
T1573,393.65,U049,488316,M019,False
T1574,529.18,U029,488694,M011,False
T1575,2884.64,U014,489994,M009,True
T1576,318.58,U025,490785,M017,False
T1577,659.84,U045,491022,M004,False
T1578,2718.56,U021,491147,M009,False
T1579,671.3,U039,491534,M012,False
T1580,2675.63,U001,491644,M015,True
T1581,755.64,U005,491699,M015,False
T1582,2670.52,U020,491798,M007,False
T1583,493.94,U047,492296,M011,False
T1584,3427.19,U037,492640,M016,False
T1585,14.38,U029,492738,M010,False
T1586,2988.0,U042,493446,M010,False
T1587,4900.94,U003,493515,M017,False
T1588,2732.23,U012,493894,M003,False
T1589,2444.98,U002,494109,M020,False
T1590,1314.98,U018,494241,M020,False
T1591,1083.75,U039,494312,M016,True
T1592,688.86,U019,495404,M005,False
T1593,4780.18,U041,495495,M004,False
T1594,3330.37,U014,495793,M013,False
T1595,3274.28,U037,496025,M002,False
T1596,1660.53,U050,496116,M012,False
T1597,1302.96,U041,496144,M019,False
T1598,1991.72,U035,496395,M009,False
T1599,762.76,U009,496564,M004,False
T1600,4768.01,U044,497305,M003,False
T1601,2230.12,U011,497732,M015,True
T1602,4621.24,U033,497775,M012,False
T1603,2093.74,U035,497889,M019,False
T1604,3543.99,U020,497960,M001,False
T1605,2832.58,U034,498355,M014,False
T1606,944.74,U005,498783,M012,False
T1607,3027.95,U012,498985,M020,False
T1608,3467.82,U050,499135,M005,False
T1609,2180.91,U017,499164,M004,False
T1610,3318.08,U021,499284,M015,True
T1611,2773.2,U012,499704,M011,False
T1612,286.77,U038,499948,M017,False
T1613,2128.02,U017,500318,M008,False
T1614,3437.65,U021,501334,M007,False
T1615,1029.1,U021,501419,M019,False
T1616,271.69,U028,501554,M018,False
T1617,2049.61,U021,501829,M004,False
T1618,4997.98,U047,501916,M017,False
T1619,1305.69,U021,502041,M011,True
T1620,451.81,U021,502041,M004,False
T1621,3446.05,U047,502248,M002,False
T1622,2060.55,U036,502300,M002,False
T1623,1653.24,U022,502381,M016,False
T1624,370.75,U039,502514,M019,False
T1625,2730.57,U007,502780,M019,False
T1626,612.26,U021,502953,M019,False
T1627,145.34,U030,503164,M015,False
T1628,1558.88,U021,503613,M020,True
T1629,439.05,U043,503660,M007,False
T1630,3804.11,U036,503704,M019,False
T1631,2994.86,U024,503825,M019,False
T1632,4585.64,U021,504257,M018,True
T1633,3524.71,U008,504923,M003,False
T1634,3308.9,U016,505339,M012,False
T1635,4482.72,U002,505382,M004,False
T1636,1130.01,U025,505483,M004,False
T1637,2066.73,U036,505904,M006,False
T1638,519.46,U038,506121,M019,False
T1639,2766.58,U028,506390,M017,False
T1640,1449.07,U020,506404,M008,False
T1641,2280.59,U004,506676,M016,False
T1642,3079.95,U035,506983,M015,False
T1643,3297.41,U010,506990,M012,False
T1644,4830.31,U037,507122,M008,False
T1645,1851.69,U036,507259,M009,True
T1646,2209.14,U027,507993,M017,False
T1647,2191.14,U045,508257,M004,False
T1648,791.07,U002,508623,M017,False
T1649,2571.27,U018,508993,M007,False
T1650,2216.12,U028,509253,M020,False
T1651,4755.9,U022,509892,M007,False
T1652,3391.41,U038,510271,M017,False
T1653,1765.14,U023,510511,M016,False
T1654,491.91,U047,510856,M011,False
T1655,4254.91,U012,511233,M007,False
T1656,203.06,U049,511329,M008,False
T1657,3134.37,U049,511650,M018,False
T1658,3999.54,U015,511945,M008,False
T1659,3964.73,U012,511994,M019,False
T1660,582.08,U014,512573,M003,False
T1661,3924.6,U031,512855,M009,True
T1662,433.29,U034,512977,M007,False
T1663,2881.82,U011,513358,M003,False
T1664,1414.91,U020,513425,M005,False
T1665,3209.12,U025,513707,M017,True
T1666,331.62,U029,513742,M011,False
T1667,4382.09,U040,513775,M020,False
T1668,64.25,U027,514013,M004,False
T1669,4314.64,U004,514178,M018,False
T1670,2711.08,U012,514259,M002,False
T1671,4215.86,U020,514379,M019,False
T1672,3820.29,U037,514382,M018,False
T1673,3817.04,U032,514426,M015,False
T1674,1108.53,U040,514505,M017,False
T1675,3538.32,U050,514514,M016,False
T1676,3453.36,U042,514663,M015,False
T1677,3487.39,U009,514723,M004,False
T1678,3674.64,U041,514858,M019,False
T1679,1965.38,U040,514995,M019,True
T1680,4981.83,U019,515060,M007,False
T1681,3856.48,U040,515138,M020,False
T1682,3125.49,U040,515230,M003,False
T1683,4651.12,U014,515276,M003,False
T1684,920.7,U025,515318,M016,False
T1685,4423.62,U011,515353,M014,True
T1686,981.3,U040,515357,M008,False
T1687,897.31,U044,515530,M004,False
T1688,1370.91,U006,515576,M016,False
T1689,4984.73,U028,515611,M003,False
T1690,1081.61,U040,515712,M006,True
T1691,249.87,U040,515864,M020,True
T1692,2264.38,U045,515895,M007,False
T1693,1963.78,U042,515959,M004,False
T1694,3305.74,U034,516096,M015,False
T1695,1856.61,U021,516256,M019,True
T1696,4731.36,U020,516554,M004,False
T1697,4601.02,U044,516596,M020,False
T1698,597.65,U018,517000,M003,False
T1699,451.89,U001,517555,M007,False
T1700,4176.33,U043,518105,M005,False
T1701,4756.51,U041,518119,M015,True
T1702,2176.36,U030,518152,M004,False
T1703,3592.01,U025,518392,M013,False
T1704,3903.92,U037,519373,M018,False
T1705,1259.25,U016,519886,M020,False
T1706,552.47,U009,519900,M012,False
T1707,802.71,U036,520465,M007,False
T1708,611.83,U032,521429,M008,False
T1709,1308.55,U033,521433,M015,False
T1710,2235.89,U008,521533,M001,False
T1711,1010.46,U043,522084,M016,False
T1712,3090.92,U002,522230,M018,False
T1713,3689.25,U005,522332,M001,False
T1714,3238.9,U010,522584,M010,True
T1715,1710.22,U020,522605,M012,False
T1716,4979.85,U030,522987,M010,False
T1717,1716.14,U012,522998,M014,False
T1718,4190.71,U047,523354,M009,False
T1719,2849.38,U016,523555,M018,True
T1720,1930.04,U016,523850,M020,False
T1721,125.65,U031,524344,M005,False
T1722,3012.71,U026,524369,M002,False
T1723,1180.97,U037,524548,M004,False
T1724,2663.38,U015,524563,M018,False
T1725,1739.83,U011,524953,M020,False
T1726,1433.15,U046,525387,M014,True
T1727,1313.53,U026,526199,M014,False
T1728,4435.97,U001,526214,M005,False
T1729,4887.42,U002,526611,M014,False
T1730,4824.16,U009,526690,M019,False
T1731,1534.72,U026,526930,M010,False
T1732,533.22,U005,527611,M010,False
T1733,2999.47,U035,527778,M004,False
T1734,1603.0,U018,528027,M014,False
T1735,897.68,U011,528216,M016,False
T1736,2287.48,U038,528689,M005,False
T1737,2470.07,U009,528705,M015,False
T1738,1370.61,U030,529663,M013,False
T1739,469.38,U015,529903,M020,False
T1740,4076.26,U036,529990,M016,True
T1741,3217.35,U011,530126,M016,False
T1742,4.6,U041,530535,M013,False
T1743,3307.95,U005,530538,M011,False
T1744,2811.71,U011,531297,M002,False
T1745,329.02,U046,531413,M013,False
T1746,3223.69,U006,531699,M013,False
T1747,1479.66,U007,532351,M018,False
T1748,724.07,U013,532929,M005,False
T1749,4174.93,U048,533450,M009,False
T1750,3166.49,U034,534723,M007,False
T1751,974.54,U039,535348,M017,False
T1752,493.93,U015,535482,M017,False
T1753,4102.45,U012,535617,M009,False
T1754,1867.16,U010,535638,M013,False
T1755,2211.36,U014,536004,M016,False
T1756,1589.47,U039,536405,M002,False
T1757,4153.43,U007,536435,M020,True
T1758,4747.28,U050,536561,M003,False
T1759,3500.37,U048,537179,M010,False
T1760,2063.86,U042,537450,M005,False
T1761,1700.49,U008,538220,M009,False
T1762,982.56,U003,538421,M019,False
T1763,4812.41,U048,538807,M004,False
T1764,1425.65,U029,538912,M010,False
T1765,4791.53,U036,539031,M004,False
T1766,3421.12,U049,539111,M005,False
T1767,4334.9,U029,539195,M001,False
T1768,4110.72,U024,539292,M017,False
T1769,2775.88,U029,539676,M010,False
T1770,4992.17,U029,540175,M011,False
T1771,4336.08,U004,540299,M006,False
T1772,2597.14,U010,540546,M005,False
T1773,4023.73,U029,540929,M012,False
T1774,937.77,U029,541047,M018,False
T1775,936.31,U029,541087,M012,True
T1776,1902.51,U029,541200,M019,True
T1777,4404.6,U041,541300,M006,False
T1778,1258.68,U015,541455,M013,False
T1779,2111.77,U016,541704,M020,False
T1780,4595.25,U045,542081,M005,False
T1781,2498.49,U041,542121,M018,False
T1782,2195.42,U013,543323,M010,False
T1783,2286.52,U008,543377,M015,False
T1784,2066.82,U013,543623,M012,False
T1785,3071.84,U032,544951,M016,False
T1786,466.04,U015,545007,M014,False
T1787,3544.22,U001,545175,M018,False
T1788,2104.94,U007,545583,M009,False
T1789,750.11,U021,545617,M015,False
T1790,1100.59,U012,545895,M003,False
T1791,1091.83,U020,545928,M020,False
T1792,2482.15,U014,545980,M001,False
T1793,1509.52,U010,546571,M008,False
T1794,2178.0,U047,547091,M009,False
T1795,3633.35,U004,547639,M007,False
T1796,2297.38,U046,547718,M004,False
T1797,3932.97,U040,547945,M014,False
T1798,4954.94,U034,548141,M020,False
T1799,820.0,U023,548410,M017,False
T1800,591.82,U042,548530,M015,False
T1801,4085.38,U039,548532,M011,False
T1802,2325.22,U006,548779,M020,False
T1803,951.87,U031,549063,M010,False
T1804,4951.63,U004,549395,M002,False
T1805,132.8,U026,549435,M003,False
T1806,4095.43,U013,549526,M016,False
T1807,2280.18,U034,549577,M011,False
T1808,2918.03,U011,549697,M020,False
T1809,3523.14,U044,550311,M019,False
T1810,2610.27,U038,550775,M009,False
T1811,60.8,U007,550779,M004,False
T1812,1039.71,U031,550818,M011,False
T1813,4990.02,U001,551567,M019,False
T1814,4873.3,U005,551613,M018,True
T1815,634.67,U027,551640,M004,False
T1816,711.3,U047,551978,M009,False
T1817,3206.92,U038,552005,M008,False
T1818,2262.6,U033,552266,M004,False
T1819,2915.44,U043,552388,M002,False
T1820,3353.84,U032,553349,M011,False
T1821,4886.67,U007,553815,M002,False
T1822,4964.24,U026,554531,M005,False
T1823,4118.39,U018,554718,M002,False
T1824,4043.46,U031,555149,M012,False
T1825,2104.0,U003,555552,M014,False
T1826,4838.96,U036,555736,M005,True
T1827,2967.19,U045,555919,M018,False
T1828,4819.31,U001,556127,M002,False
T1829,1804.63,U014,556268,M016,False
T1830,1905.14,U039,556329,M010,False
T1831,1845.73,U036,556711,M012,False
T1832,4460.14,U049,556829,M007,False
T1833,2282.85,U030,556932,M018,False
T1834,3304.75,U029,557062,M010,False
T1835,2423.83,U039,557381,M003,False
T1836,3067.53,U034,557942,M018,False
T1837,1682.53,U033,558198,M016,False
T1838,3731.01,U049,558388,M008,True
T1839,3659.81,U005,558582,M005,False
T1840,3913.39,U023,558623,M014,False
T1841,2351.35,U035,558739,M010,False
T1842,2699.79,U011,559565,M010,False
T1843,2617.78,U041,559713,M010,False
T1844,3217.39,U032,559876,M015,False
T1845,898.03,U001,560081,M005,False
T1846,3046.05,U011,560086,M008,False
T1847,1696.42,U025,560226,M006,True
T1848,3093.53,U011,561320,M010,False
T1849,2485.26,U005,561862,M007,False
T1850,555.18,U032,562093,M001,False
T1851,3207.77,U026,562262,M011,False
T1852,1244.03,U013,562336,M015,False
T1853,184.79,U024,562986,M020,False
T1854,777.78,U030,563051,M011,False
T1855,523.0,U004,563463,M006,False
T1856,2115.77,U032,563483,M006,False
T1857,3510.0,U031,563628,M007,False
T1858,4858.17,U050,564107,M018,False
T1859,3767.62,U027,564365,M018,False
T1860,2879.9,U042,564593,M006,False
T1861,4293.71,U009,564781,M007,False
T1862,2224.78,U045,565484,M006,False
T1863,1878.85,U044,565497,M005,False
T1864,1870.2,U011,565579,M017,False
T1865,879.02,U009,565610,M012,False
T1866,2352.06,U048,565621,M002,False
T1867,4906.28,U016,565847,M004,False
T1868,4544.71,U031,565883,M008,False
T1869,2758.42,U035,565892,M016,False
T1870,1810.14,U049,565940,M017,False
T1871,4020.83,U028,566176,M011,False
T1872,4713.44,U033,566211,M016,False
T1873,2046.99,U036,566362,M009,False
T1874,2268.77,U043,566432,M014,False
T1875,1203.12,U025,566820,M011,False
T1876,490.45,U042,566847,M001,False
T1877,1466.55,U044,567735,M005,False
T1878,3875.79,U024,568373,M002,False
T1879,3490.58,U040,568784,M019,True
T1880,4124.81,U001,568950,M015,False
T1881,610.25,U044,569576,M013,False
T1882,3878.49,U005,569578,M016,True
T1883,2293.75,U032,569902,M001,False
T1884,2994.21,U011,570123,M011,False
T1885,4892.47,U030,570892,M014,False
T1886,4904.66,U024,570913,M012,False
T1887,133.65,U013,571412,M014,False
T1888,2153.61,U012,571971,M010,False
T1889,4660.4,U013,572133,M006,False
T1890,22.47,U048,572675,M017,False
T1891,4560.71,U022,572808,M012,False
T1892,3800.26,U029,572892,M007,False
T1893,4689.27,U045,572949,M005,False
T1894,4141.89,U022,573896,M019,False
T1895,2577.33,U043,574160,M006,False
T1896,332.77,U027,574334,M011,False
T1897,2845.96,U026,574553,M001,False
T1898,2857.63,U004,574779,M013,False
T1899,1375.8,U041,574993,M011,False
T1900,4684.03,U031,575074,M002,False
T1901,2616.81,U017,575458,M016,False
T1902,1079.06,U010,575462,M020,False
T1903,1033.68,U023,576051,M011,True
T1904,249.13,U037,576363,M016,False
T1905,642.83,U031,576510,M006,False
T1906,834.88,U012,576680,M013,False
T1907,2128.09,U048,577124,M011,True
T1908,1292.73,U018,577457,M006,False
T1909,4389.92,U050,578083,M019,False
T1910,4802.64,U031,578115,M012,False
T1911,3965.69,U008,578116,M007,False
T1912,79.64,U035,578440,M014,False
T1913,1941.11,U026,578870,M011,False
T1914,1554.44,U001,579077,M014,False
T1915,181.1,U024,579364,M005,False
T1916,2026.99,U025,579549,M016,False
T1917,4527.98,U037,579606,M008,False
T1918,4655.87,U003,579720,M014,False
T1919,2809.52,U024,580096,M010,False
T1920,4448.67,U048,580097,M005,False
T1921,1372.28,U004,580238,M010,True
T1922,2537.13,U033,581070,M001,True
T1923,1026.82,U049,581128,M007,False
T1924,4338.44,U039,581456,M006,False
T1925,3600.65,U032,582144,M008,False
T1926,3604.36,U016,582316,M014,True
T1927,3818.61,U010,582667,M015,False
T1928,2115.61,U047,582765,M016,False
T1929,180.87,U012,583707,M010,False
T1930,3068.25,U042,583783,M001,False
T1931,4410.96,U018,584632,M007,False
T1932,330.49,U007,585066,M013,False
T1933,4969.6,U008,585181,M014,False
T1934,272.29,U017,585193,M003,False
T1935,1501.67,U011,585365,M006,False
T1936,2476.93,U006,585616,M001,False
T1937,941.63,U049,585997,M007,False
T1938,2748.41,U047,586273,M019,False
T1939,4839.53,U001,587234,M012,False
T1940,204.92,U023,588098,M016,False
T1941,2870.93,U028,588215,M020,False
T1942,1541.12,U029,588285,M003,False
T1943,1325.14,U016,588637,M018,True
T1944,4997.15,U024,588730,M020,False
T1945,2782.3,U038,588866,M018,False
T1946,3803.56,U033,588933,M004,False
T1947,2495.72,U025,588956,M004,False
T1948,513.3,U044,589179,M008,False
T1949,3246.25,U012,589275,M020,False
T1950,4029.08,U004,589704,M014,False
T1951,4791.23,U039,590982,M001,False
T1952,1845.23,U019,591194,M010,False
T1953,2954.56,U030,591380,M014,False
T1954,1317.74,U018,591655,M002,False
T1955,4534.74,U038,591807,M001,False
T1956,2444.01,U006,592862,M001,False
T1957,2231.66,U012,593868,M019,False
T1958,3485.49,U013,594229,M006,False
T1959,1149.6,U045,594316,M016,False
T1960,1801.26,U032,594423,M006,False
T1961,2156.31,U028,594764,M011,False
T1962,2226.84,U020,594806,M005,False
T1963,574.0,U043,594849,M002,False
T1964,4253.93,U050,595048,M002,False
T1965,875.29,U030,595503,M005,False
T1966,3289.18,U028,595642,M017,False
T1967,168.28,U003,595748,M016,False
T1968,4950.17,U020,596251,M020,False
T1969,636.93,U045,596289,M002,False
T1970,679.11,U034,596296,M001,False
T1971,3963.35,U039,596856,M010,False
T1972,1220.07,U030,597530,M020,False
T1973,2696.63,U047,598782,M019,False
T1974,2856.53,U034,599245,M020,False
T1975,1357.02,U005,599298,M012,False
T1976,534.16,U025,599704,M012,False
T1977,1971.36,U048,599716,M020,False
T1978,1941.99,U003,599829,M007,False
T1979,3256.0,U050,599929,M014,False
T1980,132.39,U036,600076,M012,False
T1981,3304.96,U045,600081,M018,False
T1982,4514.54,U013,600521,M018,False
T1983,889.36,U001,600660,M013,False
T1984,4479.99,U049,601596,M005,False
T1985,2220.25,U005,601800,M005,False
T1986,2563.8,U031,601846,M011,False
T1987,3697.1,U046,602080,M016,False
T1988,1412.0,U023,602593,M005,False
T1989,2091.78,U009,602727,M013,False
T1990,2054.56,U027,602826,M003,False
T1991,457.54,U044,603139,M019,False
T1992,2790.41,U045,603178,M008,False
T1993,4855.23,U049,603198,M017,True
T1994,1866.64,U047,603207,M001,False
T1995,2072.79,U041,603634,M007,True
T1996,1621.85,U044,603945,M018,False
T1997,2945.65,U048,604106,M004,False
T1998,1346.98,U035,604349,M012,False
T1999,1402.05,U015,604677,M005,False
T2000,4742.79,U050,604788,M009,False
